1676915000000,0.0073220697415313655,-9.396603162109292e-08
1676935000000,0.007322203349968639,-9.396811021966661e-08
1676956000000,0.007322343640743626,-9.397029240888127e-08
1676975000000,0.007322470572699163,-9.397226773786167e-08
1676995000000,0.007322604186315599,-9.397434758968382e-08
1677015000000,0.007322737801397674,-9.39764278879808e-08
1677035000000,0.007322871417872555,-9.397850811445862e-08
1677055000000,0.007323005036706334,-9.398058846510588e-08
1677075000000,0.007323138656686637,-9.398266884725159e-08
1677117000000,0.007323272278254473,-9.398474914393437e-08
1677118000000,0.007323405901280517,-9.398682967337806e-08
1677161000000,0.007323539525779665,-9.39889107052344e-08
1677162000000,0.0073236731492270024,-9.399099198354754e-08
1677205000000,0.007323806775792919,-9.399307352299288e-08
1677206000000,0.007323940403340563,-9.399515609489475e-08
1677249000000,0.007324074032654169,-9.399723935578346e-08
1677249000000,0.007324207664374867,-9.399932283696986e-08
1677297000000,0.007324341297130239,-9.400140598857514e-08
1677298000000,0.007324474931352313,-9.400348849468497e-08
1677298000000,0.007324608566855497,-9.400557114041655e-08
1677341000000,0.0073247422047840426,-9.400765425978128e-08
1677341000000,0.007324875843861655,-9.400973832332551e-08
1677355000000,0.007325009484520309,-9.401182280758139e-08
1677375000000,0.007325143126641647,-9.401390726223968e-08
1677417000000,0.00732527677015117,-9.401599111784951e-08
1677417000000,0.007325410415236482,-9.401807504784308e-08
1677461000000,0.007325544061795603,-9.402015889548032e-08
1677461000000,0.007325677707238979,-9.402224248059056e-08
1677505000000,0.007325811355843613,-9.402432686174543e-08
1677505000000,0.00732594500541663,-9.402641166512291e-08
1677549000000,0.0073260786567647465,-9.402849652272542e-08
1677549000000,0.007326218993221355,-9.403068570848734e-08
1677597000000,0.007326345965305863,-9.40326669698525e-08
1677597000000,0.007326479621562038,-9.403475263547803e-08
1677597000000,0.007326613279097944,-9.403683879560062e-08
1677641000000,0.007326746939060883,-9.403892458403667e-08
1677641000000,0.007326880600173098,-9.404101024319593e-08
1677655000000,0.007327014262865602,-9.40430962193715e-08
1677675000000,0.00732714792702173,-9.404518260308724e-08
1677721000000,0.007327281592651779,-9.404726922448168e-08
1677721000000,0.007327415257223518,-9.404935587021304e-08
1677769000000,0.007327548924919926,-9.405144195479986e-08
1677769000000,0.007327682593596795,-9.405352793542319e-08
1677813000000,0.007327816264041817,-9.405561433162135e-08
1677813000000,0.007327949935858382,-9.405770067043533e-08
1677856000000,0.007328083609191713,-9.405978631546642e-08
1677856000000,0.00732821728503411,-9.406187232094858e-08
1677856000000,0.007328350961851991,-9.406395845318598e-08
1677904000000,0.00732849132409026,-9.406614942457397e-08
1677904000000,0.007328618319607627,-9.406813162521126e-08
1677915000000,0.007328752001599532,-9.407021864994588e-08
1677935000000,0.007328885684722728,-9.40723064449276e-08
1677981000000,0.007329026053749569,-9.407449933111866e-08
1677981000000,0.007329153055663599,-9.407648417762994e-08
1678025000000,0.007329286743326506,-9.407857384235585e-08
1678025000000,0.007329420429945925,-9.408066327377508e-08
1678073000000,0.007329554119680522,-9.408275351141049e-08
1678073000000,0.007329687810396706,-9.408484353466419e-08
1678117000000,0.0073298215028813705,-9.40869339901521e-08
1678117000000,0.007329961881470952,-9.408912897734599e-08
1678117000000,0.00733008889211072,-9.409111460010516e-08
1678161000000,0.007330222589991391,-9.40932052010005e-08
1678161000000,0.007330356288850482,-9.409529582533813e-08
1678175000000,0.00733048998917776,-9.409738615778155e-08
1678195000000,0.0073306236908021885,-9.409947724223427e-08
1678237000000,0.007330757394845624,-9.410156904778951e-08
1678237000000,0.007330891100038228,-9.410366074838812e-08
1678285000000,0.007331024806809991,-9.410575261771043e-08
1678285000000,0.0073311585150478255,-9.410784475957624e-08
1678329000000,0.007331292224760769,-9.410993682025702e-08
1678329000000,0.007331425933407444,-9.411203003017452e-08
1678377000000,0.007331559645187095,-9.411412410807249e-08
1678377000000,0.007331693357943276,-9.411621865798318e-08
1678377000000,0.007331833758237064,-9.411841801023976e-08
1678425000000,0.007331960789288988,-9.412040792088593e-08
1678425000000,0.007332094507214853,-9.412250266935337e-08
1678435000000,0.0073322282266087575,-9.412459672083418e-08
1678455000000,0.007332361947391123,-9.412669107162457e-08
1678501000000,0.007332495670538788,-9.41287853124207e-08
1678501000000,0.007332629394834165,-9.413087999021832e-08
1678544000000,0.007332763120714558,-9.413297462173802e-08
1678545000000,0.00733289684805805,-9.413506930121818e-08
1678588000000,0.007333030576876972,-9.41371640611199e-08
1678589000000,0.00733316430462946,-9.41392588091828e-08
1678636000000,0.00733329803551566,-9.41413534258411e-08
1678637000000,0.0073334317673784165,-9.414344802694451e-08
1678637000000,0.00733356550101448,-9.414554375833041e-08
1678684000000,0.007333699237057843,-9.414763896444682e-08
1678684000000,0.0073338329741383015,-9.414973375901389e-08
1678695000000,0.007333966713562431,-9.415182883521372e-08
1678715000000,0.007334100454397614,-9.415392346444035e-08
1678756000000,0.0073342341967247236,-9.41560175931386e-08
1678757000000,0.007334367940435126,-9.415811155373023e-08
1678804000000,0.007334501685161014,-9.416020504422897e-08
1678805000000,0.007334635431688596,-9.416229814265484e-08
1678848000000,0.007334769179692534,-9.416439063918127e-08
1678848000000,0.00733490292644787,-9.416648301368632e-08
1678892000000,0.007335036676460603,-9.416857553697284e-08
1678892000000,0.007335170427414972,-9.417066838220094e-08
1678940000000,0.0073353041801651805,-9.417276139805466e-08
1678940000000,0.007335437934276456,-9.417485482711769e-08
1678940000000,0.007335571689913501,-9.417694888939826e-08
1678988000000,0.00733570544805716,-9.417904280287734e-08
1678988000000,0.007335839207179475,-9.418113624510033e-08
1678995000000,0.007335972968658188,-9.418322945299879e-08
1679015000000,0.007336106731543275,-9.418532313715729e-08
1679056000000,0.007336240495920626,-9.418741650037198e-08
1679056000000,0.007336374261681103,-9.418950953726758e-08
1679100000000,0.007336508028461009,-9.419160258202066e-08
1679100000000,0.007336641797040544,-9.419369570380797e-08
1679148000000,0.0073367755670966294,-9.419578868564369e-08
1679148000000,0.007336909335903195,-9.419788203316055e-08
1679192000000,0.007337043107967992,-9.419997574264942e-08
1679192000000,0.00733718356968051,-9.420217455215605e-08
1679236000000,0.007337310655777927,-9.420416350942377e-08
1679236000000,0.0073374444329759704,-9.420625782329103e-08
1679236000000,0.007337578211220178,-9.420835261328718e-08
1679280000000,0.007337711990933504,-9.421044810471641e-08
1679280000000,0.007337845771921602,-9.421254444055854e-08
1679295000000,0.007337979555344415,-9.421464129114272e-08
1679315000000,0.007338113339917249,-9.421673877422242e-08
1679360000000,0.00733824712606986,-9.421883763344739e-08
1679360000000,0.007338380913689536,-9.422093637239224e-08
1679404000000,0.007338514702785149,-9.422303456711034e-08
1679404000000,0.007338648490814289,-9.422513184510375e-08
1679452000000,0.007338782281977752,-9.422722924441388e-08
1679452000000,0.00733891607411838,-9.422932593402097e-08
1679496000000,0.0073390498680326885,-9.42314227997936e-08
1679496000000,0.007339183664354069,-9.423351978345272e-08
1679496000000,0.007339317461713787,-9.42356170692369e-08
1679540000000,0.007339451261418603,-9.42377148649024e-08
1679540000000,0.007339585062535401,-9.423981214111392e-08
1679555000000,0.007339718865143567,-9.424190924743913e-08
1679575000000,0.007339852669135979,-9.424400630417741e-08
1679615000000,0.007339993164451759,-9.42462075497538e-08
1679616000000,0.007340120280957646,-9.424819861240177e-08
1679660000000,0.007340254089021192,-9.425029356078423e-08
1679660000000,0.007340387898744692,-9.425238845181646e-08
1679703000000,0.007340521709944579,-9.425448310917237e-08
1679704000000,0.00734065551997469,-9.425657831328313e-08
1679751000000,0.007340789333207015,-9.425867400694355e-08
1679751000000,0.007340923148418141,-9.426076988018133e-08
1679795000000,0.007341056964928627,-9.426286602035582e-08
1679795000000,0.00734119078373363,-9.426496237539256e-08
1679795000000,0.0073413246039704975,-9.426705835177604e-08
1679839000000,0.007341458425699259,-9.42691540255701e-08
1679840000000,0.007341592248813121,-9.427124945044635e-08
1679855000000,0.007341726072942715,-9.427334491498928e-08
1679875000000,0.007341859898874209,-9.427544033895478e-08
1679919000000,0.007341993726282312,-9.427753586895818e-08
1679920000000,0.0073421275524451594,-9.427963183574755e-08
1679968000000,0.007342261381862685,-9.428172794075619e-08
1679968000000,0.007342395212225804,-9.428382422059963e-08
1680012000000,0.007342529044382471,-9.428592015868813e-08
1680012000000,0.007342662878939339,-9.428801580453182e-08
1680056000000,0.007342796714539023,-9.429011138313292e-08
1680056000000,0.0073429305524840725,-9.42922055347188e-08
1680056000000,0.0073430643918416,-9.429429938320166e-08
1680100000000,0.0073431982326919365,-9.429639343605032e-08
1680100000000,0.007343332074925782,-9.429848736566006e-08
1680115000000,0.007343465918180356,-9.430058130894264e-08
1680135000000,0.007343599763233925,-9.430267563704468e-08
1680183000000,0.007343733609541886,-9.430477006957238e-08
1680184000000,0.007343867457508435,-9.430686460864601e-08
1680227000000,0.007344001306951215,-9.430895947821513e-08
1680228000000,0.00734413515522992,-9.431105457001576e-08
1680271000000,0.007344269006706189,-9.43131499776187e-08
1680272000000,0.007344402859143208,-9.431524554539762e-08
1680315000000,0.007344536713363794,-9.431734161797056e-08
1680316000000,0.0073446705689532805,-9.431943718567217e-08
1680316000000,0.007344804426064014,-9.432153243114244e-08
1680359000000,0.0073449382856874594,-9.432362798775383e-08
1680360000000,0.007345072146287458,-9.432572337648072e-08
1680375000000,0.007345206009247091,-9.432781860096107e-08
1680395000000,0.007345339873614081,-9.432991445234413e-08
1680435000000,0.007345473739474568,-9.433201079551804e-08
1680436000000,0.0073456076067182205,-9.433410687832342e-08
1680483000000,0.007345741474984044,-9.433620226918934e-08
1680483000000,0.007345875345048425,-9.433829762104277e-08
1680531000000,0.0073460092165897484,-9.434039374900881e-08
1680531000000,0.00734614308688891,-9.434249019008398e-08
1680579000000,0.007346276960441018,-9.434458665208104e-08
1680579000000,0.007346417528720701,-9.434678708507635e-08
1680579000000,0.007346544711233363,-9.434877767552049e-08
1680622000000,0.007346678589924206,-9.43508730178305e-08
1680622000000,0.0073468124696607915,-9.435296844199327e-08
1680635000000,0.007346946351742711,-9.435506397226098e-08
1680656000000,0.007347080235237812,-9.435715888724494e-08
1680693000000,0.007347214120226911,-9.4359253533968e-08
1680738000000,0.007347348006599596,-9.436134799788512e-08
1680738000000,0.007347488588036223,-9.436354707485951e-08
1680738000000,0.007347615782626101,-9.436553643013748e-08
1680787000000,0.007347756366405212,-9.436773538231197e-08
1680787000000,0.007347883563508849,-9.436972449352096e-08
1680795000000,0.0073480174572725316,-9.437181756938721e-08
1680815000000,0.007348151352545334,-9.437391044063099e-08
1680855000000,0.007348285249308294,-9.437600322207221e-08
1680899000000,0.007348419147463144,-9.437809619272336e-08
1680899000000,0.007348553046622056,-9.43801891095126e-08
1680899000000,0.007348686947590223,-9.438228248914346e-08
1680943000000,0.007348820850035279,-9.438437667164296e-08
1680943000000,0.007348954751236429,-9.438647070466802e-08
1680955000000,0.007349088655691241,-9.438856436479716e-08
1680975000000,0.007349222561094063,-9.439065819399247e-08
1681019000000,0.007349356468289216,-9.439275240549432e-08
1681019000000,0.007349490377888424,-9.4394847025797e-08
1681067000000,0.007349624288529108,-9.439694171377158e-08
1681067000000,0.007349758200639312,-9.439903667348128e-08
1681111000000,0.007349892114032392,-9.440113147518125e-08
1681112000000,0.007350026029856958,-9.440322625263803e-08
1681159000000,0.007350159946832475,-9.440532086280465e-08
1681159000000,0.0073502938653923,-9.44074149478703e-08
1681159000000,0.007350427785417599,-9.440950851209787e-08
1681203000000,0.007350561706919317,-9.441160184461379e-08
1681203000000,0.007350695627364733,-9.441369460718349e-08
1681216000000,0.007350829550937254,-9.441578777846217e-08
1681235000000,0.0073509634754925475,-9.441788101954879e-08
1681279000000,0.00735109740181852,-9.441997401226615e-08
1681279000000,0.007351231330557067,-9.44220674540743e-08
1681323000000,0.007351365260332497,-9.44241610320016e-08
1681324000000,0.007351499191577922,-9.442625463282043e-08
1681367000000,0.007351633124106551,-9.442834837337776e-08
1681367000000,0.007351767059067386,-9.443044293268135e-08
1681411000000,0.007351900995179393,-9.443253799540503e-08
1681412000000,0.007352034932875261,-9.443463278443867e-08
1681455000000,0.0073521688720375395,-9.443672767281634e-08
1681456000000,0.007352302812676704,-9.44388226147896e-08
1681456000000,0.007352436752255238,-9.444091748986559e-08
1681499000000,0.007352570694964741,-9.444301182548554e-08
1681500000000,0.0073527046386561885,-9.444510598368323e-08
1681516000000,0.007352838584119626,-9.444720056049975e-08
1681535000000,0.007352972531995984,-9.444929516936152e-08
1681575000000,0.007353106480909566,-9.445138997367627e-08
1681576000000,0.007353240431293583,-9.445348526995835e-08
1681619000000,0.007353374382960077,-9.445558137429909e-08
1681619000000,0.007353508337059744,-9.445767724260934e-08
1681663000000,0.0073536422923109355,-9.445977257479205e-08
1681664000000,0.007353776249144639,-9.446186806239339e-08
1681707000000,0.007353910207446159,-9.446396363185054e-08
1681708000000,0.007354050865167796,-9.446616392555836e-08
1681751000000,0.007354178128412163,-9.44681546416607e-08
1681752000000,0.00735431209116262,-9.447025040965776e-08
1681795000000,0.007354446052794542,-9.447234742531582e-08
1681795000000,0.007354580017594871,-9.447444473127347e-08
1681795000000,0.007354713983365017,-9.447654190546083e-08
1681839000000,0.007354847950915374,-9.447863902561738e-08
1681840000000,0.0073549819198367485,-9.448073561205901e-08
1681855000000,0.007355115890280505,-9.448283291153167e-08
1681876000000,0.007355256561900711,-9.448503517553449e-08
1681923000000,0.007355383837174822,-9.448702752998735e-08
1681924000000,0.007355517812581649,-9.44891242502034e-08
1681971000000,0.00735565178929023,-9.449122082164753e-08
1681971000000,0.007355785768420568,-9.449331760449927e-08
1682015000000,0.0073559197487027585,-9.449541396305504e-08
1682015000000,0.0073560537305693416,-9.449750986145676e-08
1682059000000,0.007356187713903391,-9.449960532238132e-08
1682059000000,0.007356321698628342,-9.450170062713656e-08
1682059000000,0.007356455684934271,-9.450379591481386e-08
1682103000000,0.0073565896727182355,-9.450589123952344e-08
1682103000000,0.00735672365937789,-9.450798656772017e-08
1682115000000,0.007356857649212114,-9.451008163459025e-08
1682135000000,0.007356991641038139,-9.45121770815605e-08
1682179000000,0.00735712563415868,-9.451427270580445e-08
1682179000000,0.007357259629577327,-9.451636847615994e-08
1682223000000,0.007357393626429855,-9.451846492721486e-08
1682223000000,0.007357527624775839,-9.452056175500663e-08
1682267000000,0.0073576683245342766,-9.452276385151086e-08
1682267000000,0.007357795625194579,-9.452475623442061e-08
1682311000000,0.007357929627721172,-9.452685357672904e-08
1682311000000,0.007358063631553533,-9.452895102197499e-08
1682355000000,0.007358197637016891,-9.453104835520177e-08
1682355000000,0.007358331643802382,-9.453314633633564e-08
1682403000000,0.007358465652208724,-9.453524445790963e-08
1682403000000,0.007358599662092881,-9.453734213678986e-08
1682403000000,0.007358740371397374,-9.453954462099748e-08
1682446000000,0.007358867682763258,-9.45415360739979e-08
1682447000000,0.007359001695659348,-9.454363176119088e-08
1682455000000,0.007359135710336049,-9.45457287263564e-08
1682475000000,0.0073592697274218665,-9.454782639524806e-08
1682518000000,0.007359403745548432,-9.454992411071709e-08
1682519000000,0.007359537766024726,-9.455202156956479e-08
1682562000000,0.007359671787914389,-9.455411883068429e-08
1682563000000,0.007359805811299859,-9.455621642520254e-08
1682610000000,0.007359939836069922,-9.455831428160045e-08
1682611000000,0.007360073861862379,-9.456041204546548e-08
1682654000000,0.007360207889455698,-9.456250973288565e-08
1682655000000,0.0073603419183069455,-9.456460672356043e-08
1682698000000,0.007360475948817551,-9.456670346470951e-08
1682698000000,0.0073606099806395675,-9.456880043786746e-08
1682698000000,0.007360744014088799,-9.457089767090966e-08
1682742000000,0.007360878049015824,-9.457299548663494e-08
1682742000000,0.007361012082800584,-9.457509313865321e-08
1682755000000,0.007361146119770271,-9.457719111054561e-08
1682776000000,0.007361286859657978,-9.457939401660604e-08
1682818000000,0.0073614141974256515,-9.458138837479585e-08
1682819000000,0.007361548239551895,-9.458348834910634e-08
1682862000000,0.007361682282720943,-9.45855884344434e-08
1682862000000,0.007361816328240772,-9.458768836969679e-08
1682910000000,0.007361950375174779,-9.458978790100526e-08
1682911000000,0.007362084423604113,-9.459188745527912e-08
1682954000000,0.007362218473418172,-9.459398706511151e-08
1682955000000,0.007362352524256773,-9.459608717727621e-08
1682998000000,0.007362486576894915,-9.45981876662584e-08
1682999000000,0.007362620630791823,-9.460028858545464e-08
1682999000000,0.0073627546863476835,-9.460238944129485e-08
1683042000000,0.007362888743216641,-9.460448977205313e-08
1683043000000,0.007363022801711849,-9.460659056056268e-08
1683055000000,0.00736315686168487,-9.460869165945407e-08
1683075000000,0.007363290920517626,-9.461079367476896e-08
1683118000000,0.007363424982533772,-9.461289667604676e-08
1683119000000,0.007363559045518234,-9.4614999512118e-08
1683162000000,0.007363693110284046,-9.461710284357424e-08
1683162000000,0.007363827177462013,-9.46192064597915e-08
1683206000000,0.007363961245679171,-9.462131032024627e-08
1683206000000,0.007364095316248343,-9.462341445599945e-08
1683250000000,0.007364229388230993,-9.462551904606989e-08
1683250000000,0.0073643634617093535,-9.462762377425533e-08
1683294000000,0.007364497536572397,-9.462972862640868e-08
1683294000000,0.007364631612462017,-9.46318337231622e-08
1683338000000,0.007364765690149989,-9.46339389740887e-08
1683338000000,0.007364899769096429,-9.463604400450949e-08
1683338000000,0.007365033849702042,-9.463814893200451e-08
1683382000000,0.007365167931785706,-9.464025370505723e-08
1683382000000,0.007365302012710693,-9.464235769575646e-08
1683396000000,0.007365436096832057,-9.464446278277934e-08
1683416000000,0.007365570181918608,-9.464656762415566e-08
1683462000000,0.007365704268788765,-9.464867213020211e-08
1683462000000,0.007365838358071616,-9.465077694434083e-08
1683506000000,0.007365972448393708,-9.46528812592912e-08
1683506000000,0.007366106541067602,-9.465498514449811e-08
1683550000000,0.00736624063515547,-9.465708866753772e-08
1683550000000,0.007366374730739827,-9.465919204049533e-08
1683594000000,0.007366508827708776,-9.466129503642902e-08
1683594000000,0.00736664292570531,-9.466339704602355e-08
1683638000000,0.007366777025499886,-9.466549912125773e-08
1683638000000,0.007366911126553936,-9.466760086817213e-08
1683638000000,0.007367045229266821,-9.466970266560503e-08
1683682000000,0.007367179333457926,-9.467180475796907e-08
1683682000000,0.007367313436491053,-9.467390667983176e-08
1683695000000,0.007367447542720214,-9.467600892552423e-08
1683715000000,0.007367581650937325,-9.467811196858342e-08
1683758000000,0.007367715760452254,-9.468021509780154e-08
1683758000000,0.0073678498722680764,-9.468231808349319e-08
1683802000000,0.007367983985518343,-9.46844213119315e-08
1683802000000,0.007368118100264466,-9.468652476753786e-08
1683850000000,0.007368252216396772,-9.468862865852915e-08
1683850000000,0.007368386333178948,-9.46907328263235e-08
1683898000000,0.007368520451946233,-9.469283753506566e-08
1683898000000,0.007368654570941984,-9.469494198110279e-08
1683898000000,0.007368788692360177,-9.469704653489117e-08
1683941000000,0.007368922815251084,-9.46991510581112e-08
1683942000000,0.007369056939081741,-9.470125479354024e-08
1683955000000,0.007369191065554652,-9.470335847050776e-08
1683975000000,0.007369325193185498,-9.470546144873068e-08
1684017000000,0.007369459322385212,-9.470756370267523e-08
1684018000000,0.007369593453062065,-9.470966610178183e-08
1684061000000,0.0073697275852168224,-9.471176877714049e-08
1684062000000,0.007369861716314801,-9.471387175051473e-08
1684109000000,0.0073699958505416985,-9.471597586064317e-08
1684110000000,0.007370129985756653,-9.471808023434925e-08
1684157000000,0.0073702641227411155,-9.472018381191674e-08
1684158000000,0.007370398262144055,-9.472228787733858e-08
1684158000000,0.007370532402583783,-9.472439273492392e-08
1684205000000,0.00737066654537705,-9.47264981380838e-08
1684206000000,0.007370800689585097,-9.472860282986923e-08
1684215000000,0.0073709348352891555,-9.473070686681671e-08
1684235000000,0.007371068982378625,-9.473281087538452e-08
1684277000000,0.007371203130495473,-9.473491566604234e-08
1684278000000,0.007371337280411081,-9.473702076874282e-08
1684325000000,0.007371471431587233,-9.473912560805126e-08
1684326000000,0.007371605584422281,-9.474123081228963e-08
1684369000000,0.00737173973873598,-9.474262087857057e-08
1684370000000,0.007945980896462725,-5.72069957254449e-08
1684413000000,0.008146212330953249,3.1712998784821163e-07
1684414000000,0.012656428307864469,1.2495342113787837e-05
1684457000000,0.014451187165821592,3.334276816434691e-05
1684458000000,0.02201276820437676,0.00013401398737760103
1684458000000,0.02602581031421952,0.00024940925286000905
1684501000000,0.03798531347217327,0.0006178152065623628
1684501000000,0.0454029935208144,0.0009741659042980624
1684515000000,0.05290520552814158,0.0014087046114502858
1684535000000,0.06924578338937538,0.002386478057914903
1684581000000,0.08263698523752035,0.0033964451261955923
1684581000000,0.09509561733423551,0.004469134432452756
1684629000000,0.11285479355731014,0.006076180882358841
1684629000000,0.12786382411941727,0.007614669077584594
1684677000000,0.14303376168995455,0.009282861867537668
1684677000000,0.16411025533437784,0.011649129562187091
1684677000000,0.18159809197850005,0.013817016197146596
1684721000000,0.2044944661220972,0.016738407191398703
1684721000000,0.22294345734480353,0.019294614941628978
1684735000000,0.24310333776395,0.02223061327114736
1684755000000,0.26311444779767085,0.025264193247179656
1684797000000,0.28332500422233253,0.028446291243753277
1684797000000,0.3023075960692926,0.03159194920342978
1684845000000,0.3220413173527369,0.034955441018228985
1684845000000,0.34212222030581035,0.038464639123123846
1684889000000,0.3613791681719048,0.041948392995175776
1684889000000,0.38140580588191897,0.045602222510557434
1684937000000,0.4016229427408859,0.04935589589893273
1684937000000,0.42078728006502736,0.053036458314227916
1684937000000,0.44093545045694177,0.05701100851945838
1684981000000,0.4600837865789883,0.06095922354936746
1684981000000,0.4801343309839663,0.06522431578940674
1684995000000,0.4990074520654687,0.06945269320086107
1685015000000,0.5188337973283066,0.07400508280703175
1685057000000,0.5379535821467538,0.07858947261668817
1685057000000,0.5573772880894624,0.08334587255298188
1685101000000,0.5767632885497337,0.08820223076092121
1685101000000,0.5964640263462507,0.09323052103690045
1685149000000,0.6154454419292106,0.09825161491827884
1685149000000,0.6350564104340445,0.10355520458887882
1685193000000,0.6547937546869249,0.10905714597815193
1685193000000,0.6733919593034312,0.11440339236686799
1685237000000,0.692971025691194,0.12006812946326867
1685237000000,0.7117769214272919,0.1255756261881664
1685237000000,0.7313234928003222,0.13129888428621916
1685281000000,0.7501774448334348,0.1368452481964633
1685281000000,0.7697166462589135,0.14257918458745322
1685296000000,0.7893872858496471,0.1483890137834529
1685315000000,0.807858491880719,0.15384436606183838
1685357000000,0.826796438803148,0.15949198543368667
1685357000000,0.8459624167176978,0.16524767858173414
1685401000000,0.8651051211567338,0.17103529312827556
1685401000000,0.884522303980735,0.1769088720805841
1685445000000,0.9033675557902235,0.18262475084838228
1685445000000,0.9227661758515836,0.18849241328938726
1685492000000,0.9423027224681549,0.19440254809069127
1685493000000,0.9608813198389948,0.20005449152055735
1685540000000,0.9802957216333247,0.20600110744399164
1685541000000,0.9989526732291347,0.21185974847853328
1685541000000,1.0182418204703596,0.21804230323993629
1685584000000,1.0368402773892862,0.2241145766656157
1685585000000,1.0560154926799963,0.23046450749086134
1685595000000,1.0748235057123423,0.23686977325678077
1685615000000,1.0937614950948575,0.24345000280483353
1685660000000,1.1135670613345303,0.25046300605027094
1685661000000,1.1316859441704714,0.25695718816337
1685708000000,1.1502403383561524,0.2637037901227162
1685708000000,1.1692553339520457,0.27062656495797494
1685752000000,1.188383266694744,0.2775974101826519
1685753000000,1.2067597226186055,0.28431262275005703
1685796000000,1.2258180242214367,0.2912595601681467
1685797000000,1.244357045952007,0.2980335803130835
1685797000000,1.263401270424527,0.30499461096193764
1685844000000,1.2818031978832216,0.31178044098479357
1685845000000,1.3007378996844539,0.31880229902836177
1685855000000,1.3192601069711647,0.325770711201078
1685875000000,1.3379599172892263,0.3328450283601157
1685916000000,1.3566510669268261,0.3399294138204851
1685916000000,1.3755348850507358,0.34708151244743574
1685964000000,1.3940243136125399,0.35409528816408226
1685964000000,1.4128984504752473,0.36124315779338356
1686012000000,1.4318702096272946,0.36842621687872895
1686012000000,1.450210999417373,0.375382510486879
1686060000000,1.469125353977962,0.38254285415659134
1686060000000,1.4876068803412656,0.38954898746533945
1686060000000,1.5065134751040663,0.3967137705538315
1686108000000,1.5249994767929478,0.40376872960995325
1686108000000,1.543863144111956,0.4110001892353641
1686116000000,1.5637531061828458,0.4186631872802454
1686136000000,1.5818599517444774,0.42567231567448904
1686180000000,1.599475294226239,0.4324791794730752
1686180000000,1.6182069502122618,0.43971210094066887
1686223000000,1.6365516934701174,0.4468055634740268
1686223000000,1.6552469402996284,0.45402611073923743
1686271000000,1.674022233408867,0.46127992470518214
1686271000000,1.6919487811507354,0.46822405952883306
1686320000000,1.7114912588281015,0.47578880127493584
1686320000000,1.7282985257978793,0.4823313098834263
1686320000000,1.746677390547455,0.4894972886459915
1686368000000,1.765110609584401,0.4967375180575165
1686368000000,1.782361983633878,0.5036165736009135
1686376000000,1.8001839067349337,0.5107464598570387
1686396000000,1.8190782471964517,0.518315627763407
1686440000000,1.8357946544103545,0.5250222891694228
1686440000000,1.853726693621326,0.5322073351550882
1686484000000,1.871721254020322,0.5394172218999137
1686484000000,1.8883703582131601,0.5461088697546106
1686527000000,1.9060001708116026,0.5531727116271786
1686527000000,1.9231527676378513,0.560053438749921
1686571000000,1.9406994008815415,0.567084059198884
1686571000000,1.9576879663688027,0.573900418250145
1686615000000,1.9751120377067435,0.5808821081512956
1686615000000,1.991894124283262,0.5876174280829489
1686615000000,2.0091448885313996,0.5945300984603143
1686663000000,2.02593550405429,0.6012711460437747
1686664000000,2.042854119842531,0.6080774472123966
1686676000000,2.0605965465045624,0.615254533338946
1686695000000,2.076736225574308,0.6218212090246972
1686735000000,2.093333250605283,0.6286497305170622
1686736000000,2.110192278767351,0.6356345581641138
1686779000000,2.1270714174388665,0.642685600099988
1686780000000,2.1426997912633667,0.6492794202855485
1686824000000,2.159191218688258,0.6562477448050046
1686824000000,2.175303979175617,0.6630935539461771
1686868000000,2.1916936047392044,0.6700871505907575
1686868000000,2.208387918197604,0.6772758140446734
1686912000000,2.223794143547319,0.6839650602272502
1686912000000,2.2394016475691987,0.6908198779710942
1686955000000,2.255394044431697,0.6978735651425566
1686956000000,2.2709597316197794,0.7047868339517392
1686956000000,2.2865575287692157,0.7117196465059383
1686999000000,2.302147216566267,0.7186467273972453
1687000000000,2.317825022702482,0.725609808575129
1687016000000,2.3333330245329935,0.7325005538615477
1687036000000,2.3497586237902928,0.7397956784874781
1687079000000,2.364640695186051,0.7464052541662639
1687080000000,2.3793183448509514,0.7529374568269385
1687123000000,2.3946762997566604,0.7597612213459282
1687124000000,2.409781140860956,0.766484767466204
1687171000000,2.4250674470019193,0.7733003735879315
1687172000000,2.440047390347955,0.779999040270485
1687215000000,2.455233087710119,0.7868076186535434
1687215000000,2.4699903279178694,0.7934573278048509
1687259000000,2.4850164740663767,0.800242926628881
1687259000000,2.499693453533518,0.8069046797299091
1687259000000,2.514374802075265,0.8135805434028043
1687303000000,2.529779504663577,0.8205885522392843
1687303000000,2.543771237677769,0.8269529319658115
1687315000000,2.5583488826722043,0.8335942730497614
1687335000000,2.573018519822964,0.8402951614624493
1687375000000,2.58708131249201,0.846767461029219
1687375000000,2.601497909384648,0.8534289661341932
1687419000000,2.615902547818765,0.8601297305665943
1687419000000,2.630003171980694,0.8667367486583613
1687463000000,2.644281619796616,0.8734701706766836
1687463000000,2.6582391036959847,0.8801107237101462
1687507000000,2.6723687284928963,0.8868901377910372
1687507000000,2.6860904900143825,0.8935423920740456
1687555000000,2.700034230478519,0.9003490744489496
1687555000000,2.7136672807209026,0.9070311968432277
1687603000000,2.727464186544033,0.9137884345573792
1687603000000,2.7410250093257233,0.9204356031899151
1687603000000,2.7546882475445655,0.9271377569463126
1687647000000,2.7683673345283646,0.9338676322458623
1687647000000,2.7820241871211895,0.9406192468410396
1687655000000,2.7949887707733208,0.9470991922528912
1687675000000,2.808323880972384,0.9538011921727805
1687715000000,2.8214802795852423,0.9604823285868521
1687763000000,2.834699705465105,0.9672334353810271
1687763000000,2.847902223192225,0.9740020482283482
1687763000000,2.860875862524072,0.9806557988795152
1687811000000,2.8739868767066614,0.9873817171863795
1687811000000,2.886864964282834,0.9939930666661354
1687815000000,2.8998782691284624,1.000670635314007
1687835000000,2.9128631613368015,1.0073345838446943
1687883000000,2.9265001094168523,1.01433621439574
1687883000000,2.9384075070268945,1.0204654321820121
1687927000000,2.951203450213638,1.0270574434773379
1687927000000,2.963981090542508,1.0336595668893258
1687975000000,2.976458008607565,1.0401319001311211
1687975000000,2.988883917616465,1.0465789707985582
1688023000000,3.001381495029087,1.053059655629719
1688023000000,3.013721340430238,1.0594606927267267
1688023000000,3.026132112494867,1.065896340317035
1688071000000,3.0383647602542756,1.0722425272175788
1688071000000,3.0506625788783532,1.0786208939733863
1688075000000,3.0629428874056344,1.084996279475971
1688095000000,3.0750557113284627,1.091303109169284
1688138000000,3.0872383744165575,1.0976695342376588
1688139000000,3.0994008914249,1.1040597939226553
1688187000000,3.111525130614951,1.1104702678892797
1688187000000,3.123239923693973,1.1167141026067098
1688235000000,3.1351546543090985,1.1230885115038582
1688235000000,3.1469617954477633,1.1294447227546383
1688279000000,3.1584939069139915,1.1356821361233336
1688279000000,3.170022174536477,1.1419346511345945
1688279000000,3.181576322825171,1.1482212668783995
1688322000000,3.193162385033864,1.154565117891389
1688323000000,3.204672765166353,1.1609048103092392
1688336000000,3.216087021905024,1.1672428035872533
1688356000000,3.228056054553303,1.1739282053836735
1688399000000,3.2388477847822927,1.1799988026142838
1688399000000,3.250089099842897,1.1863609647188236
1688443000000,3.2613533257256124,1.1927604479612015
1688443000000,3.2725194130364366,1.1991102364061947
1688487000000,3.2836939236347003,1.205462979326962
1688487000000,3.2947347380798755,1.2117467111658347
1688530000000,3.30582771002095,1.21805960743771
1688531000000,3.316922917475833,1.2243736179005404
1688575000000,3.3279825744973053,1.2306681862759417
1688575000000,3.33853792545822,1.2366846140194347
1688619000000,3.349354140382551,1.2428464563592583
1688619000000,3.3601152226373943,1.2489820262934497
1688619000000,3.3708683041320193,1.2551180589741515
1688662000000,3.3815929391054813,1.261248552055204
1688663000000,3.392216058454323,1.2673400801728152
1688675000000,3.4028510231499096,1.2734605300804276
1688695000000,3.413356410148613,1.279523250548653
1688738000000,3.4238992127376506,1.2856085372116055
1688739000000,3.4343125558392886,1.2916212171650086
1688782000000,3.444676754890809,1.297604608053516
1688783000000,3.455037473387864,1.3035849633600667
1688830000000,3.4653775169499665,1.3095532088042725
1688830000000,3.4757663809121486,1.3155485630804729
1688874000000,3.4860870347919657,1.3215055254332568
1688874000000,3.496045305369705,1.3272575396436301
1688918000000,3.5061748993736046,1.333104046667515
1688918000000,3.5162907739788687,1.338942396104771
1688918000000,3.5263729575408416,1.3447615778383233
1688966000000,3.5364279147629682,1.3505655504830065
1688966000000,3.546442547875976,1.3563497410257837
1688975000000,3.556433100404349,1.3621310078541649
1688995000000,3.566299700084525,1.3678654718922703
1689042000000,3.5761821407734833,1.3736293252407215
1689042000000,3.585905408493557,1.379326354283398
1689086000000,3.595458472511791,1.3849437003785094
1689086000000,3.6051188224238433,1.3906333589005104
1689134000000,3.614718969518133,1.3963003013085529
1689134000000,3.624440236920866,1.4020629721215707
1689182000000,3.6340290156656616,1.4077736926639408
1689182000000,3.643576833736037,1.413489143253502
1689182000000,3.65289803815047,1.4190991063563512
1689226000000,3.662302449414231,1.42478034075917
1689226000000,3.6717603315037945,1.4305084323419073
1689235000000,3.681134027548753,1.4361860190746614
1689255000000,3.6903395677981266,1.441761758951082
1689298000000,3.6996129003876765,1.447376376285063
1689298000000,3.708877679202675,1.4529890908740486
1689342000000,3.7180976982182816,1.4585789483425262
1689342000000,3.7272086004649116,1.4641048286054164
1689386000000,3.7363212133326327,1.4696305297417525
1689386000000,3.7453199284728353,1.4750884594667881
1689434000000,3.754339645378246,1.4805582645296764
1689434000000,3.763329463737833,1.4860100872107476
1689478000000,3.7724591753989065,1.4915453664535072
1689478000000,3.781447902317262,1.4969975230419947
1689478000000,3.790185171330929,1.502301981311579
1689522000000,3.799031436659196,1.5076717916570659
1689522000000,3.8078465539341533,1.5130250337772946
1689535000000,3.8166663309333866,1.5183866868572324
1689555000000,3.8253624896927754,1.5236851877418387
1689602000000,3.8340455053218148,1.5289894758496807
1689602000000,3.8427138849386524,1.5343022423849952
1689646000000,3.8517623869477773,1.5398609720277783
1689646000000,3.8599403231751683,1.544889101616661
1689694000000,3.8684849689075795,1.55014238985341
1689694000000,3.876999191466907,1.555377052640237
1689742000000,3.8854224838783527,1.5605563251585022
1689742000000,3.8938896137308294,1.5657615583469704
1689742000000,3.9023102898874793,1.5709386672925343
1689786000000,3.9106490601686708,1.5760658515956132
1689786000000,3.91898851041595,1.5811930011936304
1689796000000,3.927395206733596,1.5863604480292282
1689815000000,3.93571613542264,1.5914761940916817
1689858000000,3.94400694427093,1.5965733855255928
1689858000000,3.952259444945585,1.6016469834431377
1689902000000,3.9604872243781615,1.6067051934498706
1689902000000,3.9686023434272344,1.6116948124641648
1689945000000,3.9767394269608896,1.6166972308276841
1689946000000,3.984828096293202,1.6216704013099716
1689989000000,3.9928783669868273,1.6266193461390919
1689990000000,4.000813263081474,1.6314981918643987
1690033000000,4.009184017920414,1.6366445403092384
1690034000000,4.017158151447643,1.6415487402798112
1690077000000,4.024682788091487,1.6461796943000508
1690077000000,4.032515866515172,1.6510071420705912
1690077000000,4.040343478367906,1.65584074691926
1690121000000,4.0482340215877946,1.6607296739227835
1690121000000,4.056032736390932,1.6655701863931571
1690135000000,4.063799921678376,1.670393281032969
1690155000000,4.07153062295122,1.675198434346545
1690201000000,4.079230869578149,1.6799899679407928
1690201000000,4.086805653410344,1.6847040729383287
1690245000000,4.094410631006442,1.6894345508792483
1690245000000,4.102102144631376,1.6942171799370322
1690289000000,4.109690536216744,1.6989348289104544
1690289000000,4.117195646106238,1.7036020778407255
1690333000000,4.124702282065484,1.7082731001205007
1690333000000,4.132175934147553,1.712928740746277
1690377000000,4.139684982670515,1.717612022978426
1690377000000,4.147083718887289,1.7222272731951846
1690377000000,4.154463221974291,1.726830318483194
1690420000000,4.161885258827899,1.7314593684147639
1690421000000,4.169235800140647,1.7360445073141813
1690435000000,4.1765560212556325,1.7406108640006517
1690455000000,4.183860311762052,1.7451675017200445
1690497000000,4.191124730895874,1.7496997393290823
1690497000000,4.198311296433655,1.7541838257855007
1690541000000,4.205497682460935,1.7586676484237715
1690541000000,4.21277321557515,1.7632065671237307
1690589000000,4.219943419104751,1.7676815006978421
1690589000000,4.2268719295281425,1.7720101642566999
1690637000000,4.233898638226374,1.776400883259158
1690637000000,4.240975865446448,1.7808257824526001
1690637000000,4.24785638573733,1.7851345902754217
1690685000000,4.254728466949828,1.7894468634219067
1690685000000,4.261578402736997,1.7937562112082408
1690696000000,4.2684670855896245,1.7981046285688116
1690715000000,4.275276851673228,1.8024135988243295
1690757000000,4.282085038395142,1.8067291631459774
1690757000000,4.288835372685219,1.8110095234465302
1690805000000,4.295554953173543,1.8152704472608878
1690805000000,4.302336428836864,1.8195700452799992
1690849000000,4.30902675209191,1.8238123758705915
1690849000000,4.315831549925387,1.8281263957322804
1690896000000,4.322514523236679,1.8323639434109809
1690897000000,4.3289991713642255,1.8364768166259573
1690897000000,4.335558573309546,1.840636080528358
1690941000000,4.342174206810501,1.844830376764551
1690941000000,4.348685777121007,1.8489594760245633
1690955000000,4.355195585075349,1.8530871028871396
1690976000000,4.361990461374265,1.8573956396155555
1691017000000,4.368222087483865,1.861346306167317
1691017000000,4.374682415960597,1.8654426889310658
1691064000000,4.381113289736494,1.8695203715265343
1691064000000,4.387552921364915,1.8736033781985895
1691108000000,4.39393813286678,1.8776520914942605
1691108000000,4.400261862478899,1.8816619757945197
1691153000000,4.406576634130566,1.885666005872843
1691153000000,4.413197126931676,1.8898639367130248
1691197000000,4.419134115481448,1.893628361309869
1691197000000,4.425354818632092,1.8975726168898395
1691197000000,4.431555874430311,1.901504331954875
1691245000000,4.437758892420594,1.905437114477845
1691245000000,4.443915832829046,1.9093409073008285
1691255000000,4.450039361322946,1.9132234647366377
1691275000000,4.456137327648658,1.9170897922406163
1691320000000,4.462307731897241,1.9210014863938856
1691321000000,4.468694975286363,1.9250512007626923
1691364000000,4.474446603730593,1.9286980347624787
1691365000000,4.480488798230493,1.9325296642913359
1691408000000,4.486491041423841,1.936337754699836
1691408000000,4.492428651042489,1.9401074940044198
1691456000000,4.498358243652473,1.9438751787518456
1691456000000,4.504358259725835,1.947690759212176
1691457000000,4.510265385564185,1.9514508586493613
1691500000000,4.516085330206479,1.9551584558167001
1691500000000,4.521912766694095,1.9588722563480203
1691515000000,4.527804468324175,1.9626284696594405
1691535000000,4.533571042149522,1.9663074800828582
1691576000000,4.53933321941393,1.9699843850950671
1691576000000,4.545065577457879,1.9736423120530993
1691624000000,4.550865073886915,1.9773426982536872
1691624000000,4.556581804821517,1.9809907540657825
1691672000000,4.562270754950386,1.984621113343203
1691672000000,4.567977513956708,1.9882627410221103
1691716000000,4.5736266680463915,1.9918678358987474
1691716000000,4.579228350256686,1.9954427546798452
1691716000000,4.5848150110134585,1.9990080518363427
1691764000000,4.590403952356196,2.002574887937959
1691764000000,4.596210121588007,2.006280463930576
1691775000000,4.6014369832111,2.00961641432909
1691795000000,4.606935118080917,2.0131254713771667
1691840000000,4.612428337843359,2.0166313906035267
1691840000000,4.617877466583637,2.0201094728141484
1691888000000,4.623227229123714,2.023524886250504
1691888000000,4.628859413282713,2.0271211714136053
1691935000000,4.63392849324114,2.0303588258698593
1691935000000,4.6393869374413725,2.033845680293038
1691984000000,4.644719509384516,2.0372537116404166
1691984000000,4.6500654871702345,2.0406714709010045
1691984000000,4.6553577546677705,2.044056717807122
1692032000000,4.660623140943308,2.047426564675172
1692032000000,4.665860235551163,2.0507804555288422
1692036000000,4.671387239195498,2.0543229261654283
1692055000000,4.67632161746284,2.0574888227460226
1692096000000,4.681487242156063,2.0608085396857536
1692096000000,4.686683235978444,2.0641552867407276
1692144000000,4.691850238361276,2.067490265631808
1692144000000,4.696971136768733,2.0708015710828795
1692192000000,4.702000445257245,2.0740611718752255
1692192000000,4.7070374024125705,2.0773297815086287
1692236000000,4.712046233519743,2.0805840472257904
1692236000000,4.717154122811393,2.0839037879875666
1692236000000,4.722153408510469,2.0871533454225455
1692280000000,4.727126268454726,2.090385658083687
1692280000000,4.732073722201327,2.093601513133524
1692296000000,4.736957322523922,2.096775993329129
1692315000000,4.741838829873962,2.0999489637875697
1692360000000,4.746749714166426,2.1031408714775797
1692360000000,4.751594235454305,2.106289769248616
1692408000000,4.756436167104148,2.1094369195977882
1692408000000,4.761273880006004,2.1125812732537588
1692456000000,4.7661133146703145,2.1157267047579924
1692456000000,4.770906665863602,2.1188423659014695
1692456000000,4.775581749531114,2.121881441858475
1692500000000,4.78028723365868,2.124939971204596
1692500000000,4.785037263537068,2.128027190738754
1692515000000,4.789722144252527,2.1310723174714807
1692535000000,4.794381785161638,2.1341010244156817
1692576000000,4.799108546441008,2.1371730732303926
1692576000000,4.803749774995323,2.1401897988623526
1692619000000,4.80841001241353,2.143218748305422
1692620000000,4.813017661104338,2.1462136340500644
1692667000000,4.817649916103339,2.149224423799083
1692668000000,4.822217181107337,2.1521930222637002
1692711000000,4.826746096647871,2.1551367590794777
1692712000000,4.831286110332312,2.1580875638217365
1692755000000,4.835827354409366,2.161039124661885
1692756000000,4.840325731462479,2.163962959115721
1692756000000,4.844746902218889,2.16683673889589
1692799000000,4.849175816556529,2.169715420784144
1692799000000,4.853654097626884,2.17262596058936
1692815000000,4.858066223078088,2.175493720956801
1692835000000,4.86245429087592,2.178345835514796
1692875000000,4.8669100167211266,2.1812416944174764
1692876000000,4.871281846138637,2.1840832266170565
1692919000000,4.8756708743603365,2.186935863187161
1692920000000,4.880010386212237,2.189756413732959
1692967000000,4.884429442215179,2.1926284182855134
1692968000000,4.888760888075308,2.195443707167769
1693015000000,4.892983173807654,2.1981881743850984
1693016000000,4.89723591515851,2.2009522432411885
1693016000000,4.901465231914062,2.2037011022492057
1693059000000,4.905748248847416,2.206484785556494
1693060000000,4.909940924937831,2.209210040266881
1693075000000,4.914115156500116,2.2119235017530725
1693095000000,4.918330644606091,2.2146639639147288
1693135000000,4.922486739128169,2.2173659328290634
1693179000000,4.926620010552732,2.220052919702335
1693179000000,4.930816486686048,2.222780808782405
1693179000000,4.934933893215128,2.225457501700765
1693222000000,4.939280079425555,2.22828306904883
1693222000000,4.943164119952063,2.2308088954926615
1693235000000,4.947299736951831,2.2334997999102923
1693255000000,4.951362858662291,2.2361452423639143
1693302000000,4.955413917186598,2.2387853449510624
1693302000000,4.959462415053401,2.2414260027160204
1693346000000,4.963511819973253,2.244069260139728
1693347000000,4.967521494254812,2.2466881892779
1693391000000,4.971428476648898,2.2492419657776472
1693391000000,4.975361495722781,2.2518138413112307
1693435000000,4.979335233358354,2.2544134279461177
1693435000000,4.983251079749263,2.256975908766507
1693483000000,4.987377321095636,2.259676647262825
1693483000000,4.991066629114533,2.262091896619756
1693483000000,4.994928914151115,2.264620958850816
1693531000000,4.998856458630364,2.267193021641324
1693531000000,5.002705614495475,2.269714502824055
1693535000000,5.006606946210337,2.2722707651459313
1693555000000,5.010434483179823,2.2747795033286553
1693599000000,5.014243996893755,2.277277408048929
1693599000000,5.018054896608839,2.279776630499607
1693647000000,5.021867582203245,2.2822772038788517
1693647000000,5.025643409931819,2.2847537615147635
1693695000000,5.02932693321601,2.2871700102953114
1693695000000,5.03303272443495,2.289600750320125
1693743000000,5.036717697504686,2.292017882283665
1693743000000,5.04049178297964,2.2944933495355935
1693743000000,5.044173210840362,2.296908288690577
1693787000000,5.047881951225783,2.2993411488324043
1693787000000,5.051540186174762,2.3017410200353257
1693796000000,5.055227611665832,2.304160055163848
1693815000000,5.058866298487832,2.306547315091112
1693859000000,5.062490096740056,2.308924936962925
1693859000000,5.066074267401176,2.3112767231692337
1693903000000,5.0696582228638825,2.313628443224272
1693903000000,5.073215165257098,2.3159625112299485
1693947000000,5.076832174543155,2.318335976983012
1693947000000,5.0803834819976705,2.3206666884033913
1693995000000,5.083805849834365,2.322913639700705
1693995000000,5.087271979492784,2.325190455696255
1694039000000,5.09071715612304,2.3274555428857164
1694039000000,5.094242521524271,2.329775338594573
1694039000000,5.097680898519504,2.332040262625818
1694083000000,5.101132309372302,2.3343158153274635
1694083000000,5.104541998124311,2.3365659868025173
1694095000000,5.107965837068367,2.338827788985226
1694115000000,5.111349638607539,2.3410650326139075
1694159000000,5.114735785520208,2.3433061290882393
1694159000000,5.1182877213869356,2.34565903629368
1694203000000,5.121471715026558,2.3477702229911968
1694203000000,5.124802007506585,2.349980066880697
1694251000000,5.128118150178138,2.3521823580032484
1694251000000,5.131409580354532,2.3543688136435197
1694295000000,5.134682226342226,2.356542603721046
1694295000000,5.137927047129771,2.358697753811409
1694342000000,5.141158921695871,2.3608442366632625
1694343000000,5.144460331403025,2.3630366837716927
1694343000000,5.147686955356888,2.365179617593479
1694386000000,5.150884755363694,2.3673034156343586
1694387000000,5.154066637264438,2.3694166161929555
1694395000000,5.157253686693281,2.3715331889859645
1694415000000,5.160435256065241,2.373646116686376
1694462000000,5.163568406038873,2.3757269896159907
1694462000000,5.16669188833915,2.3778013869730743
1694510000000,5.16983869145613,2.379891194062712
1694510000000,5.172943549902859,2.381953225699457
1694554000000,5.17610554602293,2.384053054122812
1694554000000,5.179206560903959,2.386112522785059
1694598000000,5.18228978464234,2.3881601578342053
1694598000000,5.185373331516884,2.390207995998889
1694598000000,5.188427260433786,2.3922361885258336
1694646000000,5.19155492403191,2.3943131948393357
1694646000000,5.19460948241287,2.396341795079088
1694656000000,5.197570804443912,2.398308592374187
1694676000000,5.200717275145806,2.400398204193321
1694722000000,5.203565758288948,2.4022898877520906
1694722000000,5.20653497378672,2.404261796941279
1694766000000,5.209520889519495,2.4062447448764774
1694766000000,5.212466321159456,2.4082008442117084
1694810000000,5.215394412752445,2.4101454344084776
1694810000000,5.218375640573228,2.4121252180730384
1694854000000,5.221293522012394,2.4140630200981867
1694854000000,5.224279492203025,2.416045920793
1694898000000,5.227194656773101,2.417981899706612
1694898000000,5.230094146848769,2.4199074727483336
1694898000000,5.232977374209228,2.4218222500788777
1694941000000,5.235902162645484,2.4237645343929564
1694941000000,5.238730709107093,2.4256430745025273
1694955000000,5.241554697158626,2.427518515156843
1694975000000,5.244367089330563,2.4293862491366522
1695022000000,5.247206290221721,2.4312717250716616
1695022000000,5.2500041491569736,2.4331298091816547
1695070000000,5.252785538402523,2.4349769536600547
1695070000000,5.255614040858692,2.4368553085366864
1695118000000,5.258384557248392,2.438695232987207
1695118000000,5.261170060617146,2.440545080091923
1695118000000,5.263919657729234,2.4423711191458355
1695166000000,5.266724578933136,2.4442338208559353
1695166000000,5.26946905869136,2.4460564611355693
1695176000000,5.272331835808308,2.4479576749321197
1695195000000,5.274908809759184,2.4496690987120338
1695242000000,5.277657944062238,2.4514948047375937
1695242000000,5.2803181648921615,2.4532616107434477
1695290000000,5.282973515261702,2.4550251274033896
1695290000000,5.2856180667075705,2.456781463640614
1695334000000,5.288283611172274,2.458551757879922
1695334000000,5.2909124301961175,2.4602977395583987
1695381000000,5.293558985526403,2.4620555144841396
1695381000000,5.296167733818346,2.4637882539203964
1695381000000,5.298760971308768,2.4655107637471168
1695429000000,5.301400790098015,2.4672642552548276
1695429000000,5.303984599283969,2.468980714987693
1695436000000,5.306621150120372,2.4707322918468244
1695455000000,5.309199489247073,2.4724453784804714
1695497000000,5.311754758513502,2.4741432711653304
1695498000000,5.314300914624785,2.475835250611107
1695541000000,5.316832051304362,2.477517431363375
1695542000000,5.319408360216564,2.4792297831350103
1695586000000,5.321920254984794,2.480899478900619
1695586000000,5.324420564439635,2.482561556141191
1695634000000,5.326950207742788,2.484243124452405
1695634000000,5.329440553987108,2.4858985708174512
1695678000000,5.331916457057451,2.487544231651034
1695678000000,5.334419748769826,2.4892079153305184
1695678000000,5.336881277501359,2.490843785819412
1695722000000,5.339362288199912,2.4924923672910095
1695722000000,5.341809557926902,2.494118418423146
1695735000000,5.344258893036717,2.4957457517089705
1695755000000,5.3466794059349185,2.4973539786495498
1695797000000,5.3491013237418095,2.4989631913552417
1695798000000,5.351502135770699,2.500558431654697
1695845000000,5.353946582203123,2.5021826696759413
1695846000000,5.356343960984324,2.50377574127923
1695893000000,5.358677744289387,2.505326665419724
1695894000000,5.361027130953079,2.5068879518237783
1695941000000,5.363362505459972,2.508439948655795
1695942000000,5.365751474521044,2.510027512197688
1695942000000,5.36808238810811,2.511576542049227
1695989000000,5.370431684710968,2.513137762512283
1695989000000,5.372747002616944,2.5146764278935883
1695996000000,5.3750801671401724,2.516226920472303
1696016000000,5.377496191315162,2.5178325018154033
1696057000000,5.379681447103248,2.51928472555988
1696057000000,5.381956910134833,2.5207969232857677
1696101000000,5.384231768310066,2.5223087436142397
1696101000000,5.386487470750465,2.5238078876575187
1696149000000,5.3887851222222025,2.525334949545426
1696149000000,5.39103790423433,2.5268323266884063
1696193000000,5.393277584703087,2.528321163497888
1696193000000,5.395483150566994,2.5297875839513377
1696237000000,5.397689276027528,2.5312546041882347
1696237000000,5.399945820097362,2.5327554988432466
1696237000000,5.402150854294424,2.534222694255303
1696281000000,5.404332320037068,2.535675129032087
1696281000000,5.406517076440187,2.53713063138403
1696295000000,5.408701540666913,2.538586725282912
1696315000000,5.410864460841174,2.540029121917223
1696361000000,5.413022237429499,2.5414689395146604
1696361000000,5.415158828536876,2.542895239388444
1696405000000,5.417282459615622,2.5443135386655324
1696405000000,5.419415349162324,2.5457386361632044
1696453000000,5.4216257326872945,2.547216204969911
1696453000000,5.423679691265059,2.5485897179002004
1696497000000,5.425784265738532,2.5499976979925143
1696497000000,5.427854040078519,2.551383013275101
1696497000000,5.42992574848206,2.552770025396723
1696541000000,5.43202557961607,2.554176345954444
1696541000000,5.4340834698837455,2.5555550673925067
1696555000000,5.436141600824966,2.5569343466748946
1696575000000,5.43818300995579,2.558302785143575
1696621000000,5.440256272452446,2.55969296297747
1696621000000,5.442292358295306,2.5610585866058457
1696665000000,5.444326221238432,2.5624231250361085
1696665000000,5.446339759393306,2.563774343519632
1696713000000,5.448341294341092,2.565117838403107
1696713000000,5.450471026721394,2.5665475251296224
1696755000000,5.452362907865787,2.56781765454581
1696756000000,5.454399209876321,2.569184777542761
1696756000000,5.45638835769807,2.57052036422583
1696804000000,5.458329107853964,2.571823577111461
1696804000000,5.460281335805213,2.5731345378519657
1696816000000,5.462364068277929,2.57453319685116
1696835000000,5.464212587006196,2.57577469055821
1696880000000,5.466139248940165,2.5770688134162443
1696880000000,5.468058781230697,2.5783582934948246
1696924000000,5.469984517151024,2.5796520996059966
1696925000000,5.471985631785299,2.5809967606623014
1696972000000,5.473784426238104,2.5822057092361343
1696973000000,5.475663924858569,2.583469060193704
1697020000000,5.477531960154619,2.5847249347821633
1697021000000,5.479409876066611,2.585987698959258
1697021000000,5.4812624146873805,2.5872336100335542
1697065000000,5.4831299980109645,2.5884897709196397
1697065000000,5.484967767657651,2.589725983426484
1697075000000,5.486811596721253,2.590966332081746
1697096000000,5.488647688271566,2.592201541716111
1697136000000,5.490484820350215,2.5934375044373734
1697136000000,5.492393053750944,2.594721375515987
1697184000000,5.4940676513240065,2.5958481553179924
1697184000000,5.495846360936539,2.597044996885658
1697232000000,5.4976139676402695,2.5982344199371314
1697232000000,5.499429145882574,2.5994558624917508
1697276000000,5.501194956606457,2.6006441786208536
1697276000000,5.502979733110063,2.601845286150535
1697276000000,5.50482229814719,2.6030853720056464
1697324000000,5.50651324605811,2.6042234502694726
1697325000000,5.508261140692122,2.605399935251259
1697335000000,5.509998487793159,2.6065693732129196
1697355000000,5.511763718831948,2.607757610458028
1697396000000,5.51350091040495,2.6089270438114314
1697397000000,5.515224235753853,2.610087192564864
1697440000000,5.516977673666732,2.6112676312162946
1697441000000,5.5187836919923825,2.612483544632496
1697488000000,5.5203671284894895,2.613549687763541
1697488000000,5.522050020251889,2.614682801893057
1697536000000,5.5237225858911865,2.615809011164502
1697536000000,5.525437820132449,2.6169639611115167
1697536000000,5.527108243006702,2.6180888153093638
1697580000000,5.528789279523513,2.6192208544646767
1697580000000,5.530446605461828,2.6203369792980884
1697595000000,5.532093917855395,2.6214464045820822
1697615000000,5.533790491286741,2.6225890134656833
1697656000000,5.535431234447154,2.6236941118166217
1697656000000,5.537066477717349,2.624795534387129
1697700000000,5.538712798279599,2.6259044524174326
1697700000000,5.540337847776533,2.6269990951994355
1697744000000,5.541953215552913,2.628087256775616
1697744000000,5.543626861792199,2.62921467687344
1697788000000,5.545246533864521,2.6303058234358354
1697788000000,5.546819209628447,2.63136538635304
1697836000000,5.548406224067957,2.632434633072445
1697836000000,5.550009705526719,2.6335150006186563
1697836000000,5.551587441651721,2.63457807853754
1697884000000,5.553177888031645,2.635649754906212
1697884000000,5.554744555967705,2.6367054558535363
1697895000000,5.556301876986943,2.637754896982935
1697915000000,5.557910777385797,2.6388390992646493
1697956000000,5.559466405468166,2.639887477337464
1697956000000,5.5610159272195565,2.640931763485437
1698004000000,5.562570240528856,2.6419793051000577
1698004000000,5.564106569224284,2.643014742387289
1698052000000,5.565633876962729,2.644044089591298
1698052000000,5.567209761102422,2.6451061612447333
1698100000000,5.5687390550658975,2.646136878226927
1698100000000,5.570234110867869,2.647144547968922
1698100000000,5.57173645527339,2.6481571219938567
1698148000000,5.5732461471837444,2.649174625564652
1698148000000,5.5747356430003725,2.650178525385867
1698155000000,5.576185835526148,2.6511559577794643
1698175000000,5.577662907448272,2.652151483869227
1698216000000,5.579119089230671,2.653132954980979
1698216000000,5.5805675714247664,2.6541092406645883
1698264000000,5.58202068576693,2.655088645553395
1698264000000,5.583455713582808,2.6560558758331085
1698312000000,5.584896599844386,2.6570270680939103
1698312000000,5.586320486038535,2.6579868214139832
1698356000000,5.587735596592645,2.658940672126569
1698356000000,5.589270348708426,2.659975155105187
1698356000000,5.5906167867183365,2.660882734585236
1698400000000,5.591997235268039,2.661813272987993
1698400000000,5.593387131018601,2.662750178533299
1698415000000,5.594789255737061,2.663695330354061
1698435000000,5.59616973621057,2.664625912095569
1698476000000,5.597557711668114,2.6655615501982206
1698476000000,5.598926578291507,2.6664843265544858
1698524000000,5.600286947121926,2.667401384742203
1698524000000,5.601683469440761,2.668342808172611
1698568000000,5.603033770157498,2.669253104380027
1698568000000,5.604380476829061,2.670160978690215
1698616000000,5.605729637643195,2.671070520299722
1698616000000,5.607064565940677,2.671970480660091
1698616000000,5.6083911982880545,2.6728648571038915
1698660000000,5.609762778034343,2.673789524792314
1698660000000,5.611091347086993,2.674685219308757
1698675000000,5.612394936729519,2.6755640943402597
1698695000000,5.6137011356817546,2.676444729421335
1698735000000,5.615028093720394,2.6773393575044016
1698736000000,5.616329763655351,2.6782169539793776
1698783000000,5.617620886119309,2.679087447179421
1698784000000,5.61891370898167,2.6799590922447525
1698827000000,5.620270774746768,2.6808740567428546
1698827000000,5.621485881585632,2.681693320032287
1698871000000,5.622779298861038,2.6825653801974183
1698871000000,5.624050650873323,2.6834225741705544
1698919000000,5.625331568528341,2.6842862218635335
1698919000000,5.626595012677586,2.6851380987281277
1698919000000,5.627850762452103,2.6859847919850823
1698963000000,5.629152029856862,2.686862162774528
1698963000000,5.630410906825822,2.687710966810751
1698975000000,5.631630727838208,2.6885334599662194
1698995000000,5.632863027988822,2.6893643597558827
1699035000000,5.634116137045629,2.6902092847405363
1699035000000,5.635344827206389,2.691037755712481
1699083000000,5.636562038871473,2.6918584858386065
1699083000000,5.637782390680013,2.6926813299761045
1699127000000,5.639003003996645,2.6935043492363655
1699127000000,5.640210678111558,2.694318648851915
1699171000000,5.641419115957006,2.6951334609057773
1699171000000,5.64261343563304,2.695938753934012
1699219000000,5.643800410063438,2.696739098972497
1699219000000,5.644998339522098,2.697546826098271
1699219000000,5.6461769745352814,2.698341546779133
1699263000000,5.647370422447223,2.699146248551067
1699263000000,5.648540863870508,2.699935441228897
1699275000000,5.649709249139031,2.7007232501893896
1699295000000,5.650876902606957,2.7015105652755715
1699335000000,5.652044935221478,2.7022981355390563
1699379000000,5.653200241101419,2.7030771280472647
1699379000000,5.654339626269731,2.7038453854349367
1699379000000,5.655477490638693,2.7046126165133852
1699427000000,5.656608289275294,2.7053750839003943
1699427000000,5.6577728546286945,2.706160310331239
1699435000000,5.658903691064212,2.7069228026574983
1699455000000,5.660041830987273,2.7076902141349093
1699499000000,5.661163520512466,2.708446537664985
1699499000000,5.662349239740235,2.7092460302401142
1699543000000,5.663418064578108,2.709966705471064
1699543000000,5.6645264959007955,2.7107140902368214
1699587000000,5.665630606625713,2.7114585600126824
1699587000000,5.666745023142468,2.712209976704263
1699635000000,5.667843124351483,2.7129503977136094
1699635000000,5.668934595159044,2.7136863486637743
1699679000000,5.670119343164787,2.7144851858663617
1699679000000,5.671158353066705,2.715185762451671
1699679000000,5.67222307289567,2.715903681740747
1699723000000,5.673296056124516,2.7166271706677882
1699723000000,5.674380971530535,2.7173587026825743
1699735000000,5.675445543042963,2.7180765226916344
1699755000000,5.676511538901164,2.718795300711163
1699798000000,5.6775680958550785,2.7195077179894414
1699798000000,5.67863377686248,2.7202262873390115
1699842000000,5.679684065499325,2.720934482734375
1699843000000,5.680728012982518,2.7216384043362454
1699887000000,5.6818018088885065,2.722362447408947
1699887000000,5.6828456416288144,2.723066295031074
1699931000000,5.683898027367467,2.723775910165784
1699931000000,5.68493491467157,2.7244750811952905
1699975000000,5.685993431774615,2.725188838723354
1699975000000,5.687028576942312,2.7258868456000247
1700019000000,5.688032431841772,2.7265637624061783
1700019000000,5.689045893929381,2.727247158284662
1700019000000,5.690119368372809,2.727971024518143
1700062000000,5.69107357168575,2.7286144731248325
1700063000000,5.692074521360537,2.7292894497299347
1700075000000,5.693069182789512,2.729960192557458
1700095000000,5.694087481154329,2.730646878127061
1700142000000,5.69508294024097,2.7313181750183744
1700143000000,5.696093034014046,2.7319993483378853
1700190000000,5.697084151337292,2.732667734242342
1700191000000,5.698069469589366,2.7333322142347956
1700238000000,5.699057843318027,2.7339987572622855
1700238000000,5.700034648021677,2.734657504964073
1700238000000,5.701020518449423,2.7353223670210456
1700282000000,5.701988895518642,2.7359754335647306
1700282000000,5.702948814286138,2.7366227962457437
1700295000000,5.7039099662723824,2.7372709919955702
1700315000000,5.704872574336017,2.7379201701484366
1700362000000,5.705824878699929,2.738562402893571
1700362000000,5.7067707576074715,2.7392003043871784
1700406000000,5.7077121802388024,2.739835201681497
1700406000000,5.708657006864941,2.7404723964725046
1700454000000,5.709591321347547,2.741102506113463
1700454000000,5.710520051061354,2.741728853095423
1700498000000,5.711474206147135,2.7423723486904072
1700498000000,5.712402572845999,2.742998461433772
1700498000000,5.713344384873943,2.743633649244795
1700542000000,5.714269370498317,2.744257500398235
1700542000000,5.715189945121693,2.74487839034961
1700555000000,5.716097908094315,2.745490785368282
1700575000000,5.717005231380667,2.7461027564273954
1700618000000,5.717905967716839,2.7467102923654565
1700619000000,5.7188180606862975,2.7473254919477124
1700662000000,5.719715300864497,2.7479306817258573
1700662000000,5.7206021798277975,2.7485288914872066
1700710000000,5.721486793893455,2.7491255814958326
1700710000000,5.722366076682311,2.7497186792475756
1700758000000,5.723265062862418,2.750325078023572
1700758000000,5.724142409570255,2.7509168863830813
1700758000000,5.725008683585459,2.7515012392597344
1700806000000,5.725872299709577,2.75208379965983
1700806000000,5.726776731106282,2.752693893737783
1700816000000,5.7276369483949265,2.753274171153364
1700836000000,5.728479644000538,2.7538426308280606
1700878000000,5.729279779850697,2.7543823789529576
1700878000000,5.730122641087281,2.7549509531916523
1700922000000,5.730957032883963,2.755513819873646
1700922000000,5.7317861880727445,2.756073155665932
1700966000000,5.732640525165399,2.756649473859022
1700966000000,5.7334697843929545,2.757208883363962
1701010000000,5.734300145515953,2.757769028906292
1701010000000,5.735121918977494,2.7583233685012583
1701054000000,5.735997319910378,2.7589138542911154
1701054000000,5.736771131822055,2.759435796966978
1701102000000,5.737583624204823,2.7599838113646102
1701102000000,5.738390929442355,2.7605283145621993
1701102000000,5.739202894773352,2.7610759461942953
1701146000000,5.740003999222109,2.761616226952796
1701146000000,5.740820272532943,2.7621667056999404
1701155000000,5.74161690813687,2.7627039277045196
1701175000000,5.742408655433836,2.763237838383503
1701218000000,5.743209309350299,2.7637777343880394
1701218000000,5.7440025773459,2.764312631951267
1701266000000,5.74478836427838,2.7648424675383994
1701266000000,5.745563966661563,2.7653654165356296
1701314000000,5.746337997263227,2.7658872894993625
1701314000000,5.747129475361067,2.766420898073055
1701358000000,5.747904159202747,2.7669431703897636
1701358000000,5.74867415284681,2.7674622785544982
1701358000000,5.749469873305299,2.7679987268348176
1701406000000,5.750241104534192,2.768518668944384
1701406000000,5.751025622905264,2.7690475703852515
1701415000000,5.751794327088678,2.7695658032042396
1701435000000,5.752571829713736,2.770089958609638
1701482000000,5.7533348295853575,2.7706043339754274
1701482000000,5.754093387292246,2.7711157109731075
1701530000000,5.754852467324524,2.771627441933146
1701530000000,5.755610172560725,2.7721382676678874
1701574000000,5.75636071386014,2.772644301356075
1701574000000,5.757104838458496,2.7731460671942916
1701617000000,5.75784576121882,2.7736457398249823
1701618000000,5.758605466978354,2.774158134063476
1701618000000,5.759346405290632,2.77465790127436
1701665000000,5.7600908462452285,2.7751600512147667
1701666000000,5.760825466082228,2.775655595655158
1701675000000,5.761559909537868,2.7761510428267524
1701695000000,5.762288172321825,2.776642336734464
1701741000000,5.763028728133482,2.7771419381817477
1701742000000,5.763791855588507,2.7776567775351175
1701789000000,5.764464900952981,2.778110851208689
1701790000000,5.765177813395491,2.7785918285962556
1701837000000,5.765886509973404,2.779069976167999
1701838000000,5.766611719633269,2.779559266667533
1701838000000,5.76731923716767,2.7800366248288144
1701885000000,5.7680320460225225,2.780517554983399
1701886000000,5.768734796621466,2.78099170405387
1701895000000,5.7694440149385375,2.7814702194031033
1701915000000,5.7701430465757175,2.781941868164445
1701957000000,5.770838047709924,2.7824108095222972
1701958000000,5.771567935409331,2.7829033384151125
1702001000000,5.772221566151062,2.7833444990146687
1702002000000,5.7729055658489585,2.7838062540027484
1702045000000,5.773597930317219,2.7842738108816127
1702046000000,5.774279283615484,2.7847340710823736
1702089000000,5.774956624144045,2.7851917728212165
1702090000000,5.77561913679377,2.7856395977812007
1702137000000,5.776284686275139,2.786089620611743
1702138000000,5.776960179633423,2.7865465098852393
1702138000000,5.777655818281168,2.787017174912513
1702185000000,5.777890776283644,2.7871763525872555
1702186000000,5.778395405051742,2.7875178092692208
1702195000000,5.777828592603099,2.7871345523612496
1702215000000,5.777898021204564,2.7871815305013334
1702261000000,5.7779565490193585,2.7872211331977965
1702262000000,5.777887072968804,2.787174146965301
1702309000000,5.777887605302068,2.7871745051277257
1702310000000,5.777873583849304,2.7871650173151257
1702353000000,5.777890131921416,2.7871762048434046
1702354000000,5.777871653739045,2.7871637012005004
1702397000000,5.777842021916627,2.787143650143845
1702397000000,5.7778814923087936,2.787170344019552
1702397000000,5.777857509940778,2.7871541157036903
1702445000000,5.777882718998743,2.7871711627845404
1702445000000,5.777859229744197,2.787155268081339
1702455000000,5.7778819781233075,2.787170650760168
1702475000000,5.777858879158745,2.787155020111173
1702517000000,5.777890130700551,2.7871761548041896
1702517000000,5.777872593651169,2.787164287773622
1702561000000,5.777887611981615,2.7871744413405626
1702561000000,5.777886552539384,2.7871737201661357
1702605000000,5.777886248215124,2.7871735097957107
1702605000000,5.777867488827987,2.7871608155896888
1702649000000,5.777886368739026,2.7871735822414005
1702649000000,5.777869576326512,2.787162219050666
1702693000000,5.777886912961108,2.7871739422059654
1702693000000,5.777869955153902,2.7871624670899586
1702737000000,5.7778439767036955,2.7871448878256224
1702737000000,5.777877666721959,2.7871676753339294
1702737000000,5.777857564279783,2.7871540722822292
1702781000000,5.777878286835496,2.78716808746043
1702781000000,5.7778589894100385,2.7871550291521383
1702795000000,5.777877489422327,2.787167540854763
1702815000000,5.777858690284153,2.7871548197310636
1702861000000,5.777883517772898,2.7871716118921825
1702861000000,5.777869843454139,2.787162358665223
1702905000000,5.7778476120280695,2.787147314959543
1702905000000,5.777882051379746,2.7871706103898335
1702949000000,5.7778807888401875,2.787169753557694
1702949000000,5.777866000881364,2.7871597467463713
1702993000000,5.777880523536723,2.7871695682427755
1702993000000,5.777866438095424,2.7871600368155622
1703041000000,5.777880228198451,2.787169363004064
1703041000000,5.7778665097826885,2.787160079937875
1703041000000,5.7778455163880595,2.7871458739919204
1703085000000,5.777871989304923,2.7871637813117
1703085000000,5.777856379076235,2.7871532180812215
1703095000000,5.777872923279172,2.787164408445899
1703115000000,5.777857316047325,2.787153847243277
1703157000000,5.7778785685744385,2.787168222880126
1703157000000,5.77786678693058,2.787160250401014
1703201000000,5.77784835640661,2.7871477787146324
1703201000000,5.777876930825122,2.787167108333311
1703244000000,5.777875855486731,2.7871663789635646
1703244000000,5.777863580603259,2.787158072715635
1703288000000,5.777875563272643,2.7871661772662715
1703289000000,5.777863868717152,2.787158263718458
1703333000000,5.777846002214279,2.787146173697219
1703333000000,5.777869036016639,2.7871617556451547
1703376000000,5.7778552051549665,2.7871523964878473
1703377000000,5.777869336745958,2.787161955636995
1703377000000,5.777856056586142,2.7871529691321375
1703424000000,5.777868663262402,2.7871614966205405
1703425000000,5.77785572276362,2.7871527399596467
1703435000000,5.777873017329717,2.787164439090042
1703455000000,5.77786322661347,2.7871578138444106
1703497000000,5.777871456373157,2.787163380044836
1703497000000,5.7778703857384714,2.7871626542638275
1703540000000,5.77787049226747,2.787162725001155
1703541000000,5.777860038136884,2.787155650832043
1703588000000,5.7778707044630515,2.787162865820938
1703589000000,5.777860969896067,2.787156278570659
1703636000000,5.777846130070053,2.7871462366603548
1703637000000,5.7778653126775845,2.787159214042647
1703637000000,5.777853825530786,2.787151440845163
1703684000000,5.777870230210098,2.7871625386967533
1703685000000,5.777861671968638,2.7871567474501524
1703696000000,5.777868948601189,2.7871616693536843
1703715000000,5.777868347686579,2.787161261741022
1703760000000,5.7778680939702936,2.787161089033115
1703760000000,5.777858963414103,2.7871549105089137
1703804000000,5.777868222450287,2.7871611738768314
1703804000000,5.777859717977636,2.7871554190149093
1703852000000,5.777846771620548,2.7871466583896667
1703852000000,5.777863412414956,2.7871579165459712
1703896000000,5.777853383078017,2.7871511298289415
1703896000000,5.777867602597897,2.787160749735054
1703896000000,5.777860121577978,2.7871556874297747
1703944000000,5.777866403579663,2.78715993678917
1703944000000,5.777865839147219,2.7871595541020917
1703956000000,5.777865271799294,2.787159169412152
1703975000000,5.777857597514363,2.787153976327246
1704016000000,5.777865567689445,2.787159368049715
1704016000000,5.7778581334169985,2.7871543373780465
1704064000000,5.777846834404765,2.7871466914892506
1704064000000,5.777861253434803,2.787156446801333
1704108000000,5.7778524924132535,2.787150518336637
1704108000000,5.777864813062509,2.7871588538491805
1704152000000,5.777858269246448,2.7871544257374246
1704152000000,5.777848103039557,2.787147546402824
1704200000000,5.777863634619521,2.787158054541172
1704200000000,5.777862925641398,2.7871575742798758
1704200000000,5.777856116332371,2.787152966512597
1704244000000,5.77786250603767,2.7871572891643743
1704244000000,5.777856012848839,2.7871528953113454
1704255000000,5.777846157105324,2.787146226063066
1704275000000,5.777858557313886,2.7871546157169593
1704320000000,5.777850900185758,2.7871494342420395
1704320000000,5.777858163765399,2.787154348366976
1704364000000,5.777851099159462,2.7871495678437532
1704364000000,5.777860707678843,2.787156068589566
1704408000000,5.777855118490201,2.7871522864612577
1704408000000,5.777859588747362,2.787155310559874
1704452000000,5.7778590860201895,2.787154969966254
1704452000000,5.77785881373661,2.787154785294311
1704496000000,5.777852854038209,2.7871507524470243
1704496000000,5.777858687652773,2.7871546991102227
1704496000000,5.777853130024304,2.7871509383382365
1704540000000,5.777858311670423,2.787154443899643
1704540000000,5.777852902017218,2.787150783260559
1704555000000,5.777844711143075,2.787145240606948
1704575000000,5.77785491563058,2.787152144888981
1704616000000,5.77784853616189,2.787147827988845
1704616000000,5.777854738476491,2.7871520242988876
1704660000000,5.777848606793269,2.787147875071717
1704660000000,5.777856564184278,2.787153258903282
1704704000000,5.777851894838718,2.787150099220217
1704704000000,5.777855550962501,2.787152572678687
1704748000000,5.777855088570365,2.7871522595070957
1704748000000,5.777854816022694,2.7871520747895
1704792000000,5.777849840215308,2.78714870772784
1704792000000,5.777854616040913,2.7871519388727966
1704836000000,5.777849678700843,2.7871485978414565
1704836000000,5.777842969972941,2.7871440581359295
